{"cameraMode":{"drawMode":0,"name":"Shaded","section":"Shading Mode"},"sceneLighting":true,"audioPlay":false,"sceneViewState":{"showFog":true,"showMaterialUpdate":false,"showSkybox":true,"showFlares":true,"showImageEffects":true,"showParticleSystems":true},"in2DMode":false,"pivot":{"x":2.8356244564056398,"y":1.088507890701294,"z":-2.9332706928253176},"rotation":{"x":-0.11345033347606659,"y":0.38334882259368899,"z":-0.047511596232652667,"w":-0.9153775572776794},"size":2.2569422721862795,"orthographic":false}