{"cameraMode":{"drawMode":0,"name":"Shaded","section":"Shading Mode"},"sceneLighting":true,"audioPlay":false,"sceneViewState":{"showFog":true,"showMaterialUpdate":false,"showSkybox":true,"showFlares":true,"showImageEffects":true,"showParticleSystems":true},"in2DMode":false,"pivot":{"x":1052.578857421875,"y":316.7222595214844,"z":599.6856689453125},"rotation":{"x":0.08267026394605637,"y":0.03287619352340698,"z":-0.0027288058772683145,"w":0.9960356950759888},"size":1600.8760986328125,"orthographic":false}